{"cameraMode":{"drawMode":0,"name":"Shaded","section":"Shading Mode"},"sceneLighting":true,"audioPlay":false,"sceneViewState":{"m_AlwaysRefresh":false,"showFog":true,"showSkybox":true,"showFlares":true,"showImageEffects":true,"showParticleSystems":true,"showVisualEffectGraphs":true,"m_FxEnabled":true},"in2DMode":false,"pivot":{"x":12.950940132141114,"y":-30.81502914428711,"z":0.2465289980173111},"rotation":{"x":0.5023984313011169,"y":0.49758413434028628,"z":-0.5029988288879395,"w":0.49699023365974429},"size":42.740299224853519,"orthographic":false}